Project_ID,Donor,Sample_ID,Number_Of_Cells,Clone_ID,In_Vivo_Clone_ID
P1856,YFV2001,P1856_1001,1,152x,19
P1856,YFV2001,P1856_1002,1,UNK,
P1856,YFV2001,P1856_1003,1,UNK,
P1856,YFV2001,P1856_1004,1,152x,19
P1856,YFV2001,P1856_1005,1,UNK,
P1856,YFV2001,P1856_1006,1,152x,19
P1856,YFV2001,P1856_1007,1,152x,19
P1856,YFV2001,P1856_1008,1,152x,19
P1856,YFV2001,P1856_1009,1,152x,19
P1856,YFV2001,P1856_1010,1,152x,19
P1856,YFV2001,P1856_1011,1,153x,20
P1856,YFV2001,P1856_1012,1,152x,19
P1856,YFV2001,P1856_1013,1,152x,19
P1856,YFV2001,P1856_1014,1,152x,19
P1856,YFV2001,P1856_1015,1,152x,19
P1856,YFV2001,P1856_1016,1,UNK,
P1856,YFV2001,P1856_1017,1,152x,19
P1856,YFV2001,P1856_1018,1,152x,19
P1856,YFV2001,P1856_1019,1,152x,19
P1856,YFV2001,P1856_1020,1,152x,19
P1856,YFV2001,P1856_1021,1,152x,19
P1856,YFV2001,P1856_1022,1,152x,19
P1856,YFV2001,P1856_1023,1,153x,20
P1856,YFV2001,P1856_1024,1,153x,20
P1856,YFV2001,P1856_1025,1,152x,19
P1856,YFV2001,P1856_1026,1,152x,19
P1856,YFV2001,P1856_1027,1,153x,20
P1856,YFV2001,P1856_1028,1,153x,20
P1856,YFV2001,P1856_1029,1,UNK,
P1856,YFV2001,P1856_1030,1,153x,20
P1856,YFV2001,P1856_1031,1,UNK,
P1856,YFV2001,P1856_1032,1,152x,19
P1856,YFV2001,P1856_1033,1,152x,19
P1856,YFV2001,P1856_1034,1,UNK,
P1856,YFV2001,P1856_1035,1,UNK,
P1856,YFV2001,P1856_1036,1,152x,19
P1856,YFV2001,P1856_1037,1,152x,19
P1856,YFV2001,P1856_1038,1,152x,19
P1856,YFV2001,P1856_1039,1,UNK,
P1856,YFV2001,P1856_1040,1,152x,19
P1856,YFV2001,P1856_1041,1,UNK,
P1856,YFV2001,P1856_1042,1,UNK,
P1856,YFV2001,P1856_1043,1,152x,19
P1856,YFV2001,P1856_1044,1,153x,20
P1856,YFV2001,P1856_1045,1,UNK,
P1856,YFV2001,P1856_1046,1,UNK,
P1856,YFV2001,P1856_1047,1,UNK,
P1856,YFV2001,P1856_1048,1,153x,20
P1856,YFV2001,P1856_1049,1,153x,20
P1856,YFV2001,P1856_1050,1,152x,19
P1856,YFV2001,P1856_1051,1,152x,19
P1856,YFV2001,P1856_1052,1,152x,19
P1856,YFV2001,P1856_1053,1,906,10
P1856,YFV2001,P1856_1054,1,153x,20
P1856,YFV2001,P1856_1055,1,153x,20
P1856,YFV2001,P1856_1056,1,152x,19
P1856,YFV2001,P1856_1057,1,906,10
P1856,YFV2001,P1856_1058,1,UNK,
P1856,YFV2001,P1856_1059,1,UNK,
P1856,YFV2001,P1856_1060,1,153x,20
P1856,YFV2001,P1856_1061,1,152x,19
P1856,YFV2001,P1856_1062,1,153x,20
P1856,YFV2001,P1856_1063,1,152x,19
P1856,YFV2001,P1856_1064,1,152x,19
P1856,YFV2001,P1856_1065,1,UNK,
P1856,YFV2001,P1856_1066,1,UNK,
P1856,YFV2001,P1856_1067,1,906,10
P1856,YFV2001,P1856_1068,1,152x,19
P1856,YFV2001,P1856_1069,1,152x,19
P1856,YFV2001,P1856_1070,1,UNK,
P1856,YFV2001,P1856_1071,1,152x,19
P1856,YFV2001,P1856_1072,1,152x,19
P1856,YFV2001,P1856_1073,1,152x,19
P1856,YFV2001,P1856_1074,1,UNK,
P1856,YFV2001,P1856_1075,1,152x,19
P1856,YFV2001,P1856_1076,1,152x,19
P1856,YFV2001,P1856_1077,1,UNK,
P1856,YFV2001,P1856_1078,1,153x,20
P1856,YFV2001,P1856_1079,1,152x,19
P1856,YFV2001,P1856_1080,1,UNK,
P1856,YFV2001,P1856_1081,1,152x,19
P1856,YFV2001,P1856_1082,1,152x,19
P1856,YFV2001,P1856_1083,1,152x,19
P1856,YFV2001,P1856_1084,1,152x,19
P1856,YFV2001,P1856_1085,1,UNK,
P1856,YFV2001,P1856_1086,1,152x,19
P1856,YFV2001,P1856_1087,1,152x,19
P1856,YFV2001,P1856_1088,1,152x,19
P1856,YFV2001,P1856_1089,1,UNK,
P1856,YFV2001,P1856_1090,1,UNK,
P1856,YFV2001,P1856_1091,1,152x,19
P1856,YFV2001,P1856_1092,1,UNK,
P1856,YFV2001,P1856_1093,1,152x,19
P1856,YFV2001,P1856_1094,1,152x,19
P1856,YFV2001,P1856_1095,1,UNK,
P1856,YFV2001,P1856_1096,1,UNK,
P1856,YFV2003,P1856_1097,1,188x,39
P1856,YFV2003,P1856_1098,1,198x,25
P1856,YFV2003,P1856_1099,1,188x,39
P1856,YFV2003,P1856_1100,1,188x,39
P1856,YFV2003,P1856_1101,1,188x,39
P1856,YFV2003,P1856_1102,1,188x,39
P1856,YFV2003,P1856_1103,1,200x,22
P1856,YFV2003,P1856_1104,1,188x,39
P1856,YFV2003,P1856_1105,1,188x,39
P1856,YFV2003,P1856_1106,1,188x,39
P1856,YFV2003,P1856_1107,1,200x,22
P1856,YFV2003,P1856_1108,1,188x,39
P1856,YFV2003,P1856_1109,1,200x,22
P1856,YFV2003,P1856_1110,1,198x,25
P1856,YFV2003,P1856_1111,1,188x,39
P1856,YFV2003,P1856_1112,1,188x,39
P1856,YFV2003,P1856_1113,1,188x,39
P1856,YFV2003,P1856_1114,1,188x,39
P1856,YFV2003,P1856_1115,1,198x,25
P1856,YFV2003,P1856_1116,1,188x,39
P1856,YFV2003,P1856_1117,1,188x,39
P1856,YFV2003,P1856_1118,1,188x,39
P1856,YFV2003,P1856_1119,1,198x,25
P1856,YFV2003,P1856_1120,1,188x,39
P1856,YFV2003,P1856_1121,1,188x,39
P1856,YFV2003,P1856_1122,1,188x,39
P1856,YFV2003,P1856_1123,1,198x,25
P1856,YFV2003,P1856_1124,1,198x,25
P1856,YFV2003,P1856_1125,1,188x,39
P1856,YFV2003,P1856_1126,1,188x,39
P1856,YFV2003,P1856_1127,1,188x,39
P1856,YFV2003,P1856_1128,1,198x,25
P1856,YFV2003,P1856_1129,1,188x,39
P1856,YFV2003,P1856_1130,1,188x,39
P1856,YFV2003,P1856_1131,1,188x,39
P1856,YFV2003,P1856_1132,1,188x,39
P1856,YFV2003,P1856_1133,1,188x,39
P1856,YFV2003,P1856_1134,1,200x,22
P1856,YFV2003,P1856_1135,1,188x,39
P1856,YFV2003,P1856_1136,1,188x,39
P1856,YFV2003,P1856_1137,1,188x,39
P1856,YFV2003,P1856_1138,1,188x,39
P1856,YFV2003,P1856_1139,1,188x,39
P1856,YFV2003,P1856_1140,1,198x,25
P1856,YFV2003,P1856_1141,1,188x,39
P1856,YFV2003,P1856_1142,1,200x,22
P1856,YFV2003,P1856_1143,1,188x,39
P1856,YFV2003,P1856_1144,1,188x,39
P1856,YFV2003,P1856_1145,1,198x,25
P1856,YFV2003,P1856_1146,1,198x,25
P1856,YFV2003,P1856_1147,1,200x,22
P1856,YFV2003,P1856_1148,1,188x,39
P1856,YFV2003,P1856_1149,1,198x,25
P1856,YFV2003,P1856_1150,1,UNK,
P1856,YFV2003,P1856_1151,1,188x,39
P1856,YFV2003,P1856_1152,1,188x,39
P1856,YFV2003,P1856_1153,1,188x,39
P1856,YFV2003,P1856_1154,1,200x,22
P1856,YFV2003,P1856_1155,1,188x,39
P1856,YFV2003,P1856_1156,1,200x,22
P1856,YFV2003,P1856_1157,1,198x,25
P1856,YFV2003,P1856_1158,1,188x,39
P1856,YFV2003,P1856_1159,1,188x,39
P1856,YFV2003,P1856_1160,1,188x,39
P1856,YFV2003,P1856_1161,1,188x,39
P1856,YFV2003,P1856_1162,1,188x,39
P1856,YFV2003,P1856_1163,1,198x,25
P1856,YFV2003,P1856_1164,1,188x,39
P1856,YFV2003,P1856_1165,1,188x,39
P1856,YFV2003,P1856_1166,1,188x,39
P1856,YFV2003,P1856_1167,1,198x,25
P1856,YFV2003,P1856_1168,1,198x,25
P1856,YFV2003,P1856_1169,1,188x,39
P1856,YFV2003,P1856_1170,1,188x,39
P1856,YFV2003,P1856_1171,1,200x,22
P1856,YFV2003,P1856_1172,1,188x,39
P1856,YFV2003,P1856_1173,1,188x,39
P1856,YFV2003,P1856_1174,1,188x,39
P1856,YFV2003,P1856_1175,1,188x,39
P1856,YFV2003,P1856_1176,1,188x,39
P1856,YFV2003,P1856_1177,1,188x,39
P1856,YFV2003,P1856_1178,1,188x,39
P1856,YFV2003,P1856_1179,1,188x,39
P1856,YFV2003,P1856_1180,1,188x,39
P1856,YFV2003,P1856_1181,1,188x,39
P1856,YFV2003,P1856_1182,1,188x,39
P1856,YFV2003,P1856_1183,1,188x,39
P1856,YFV2003,P1856_1184,1,188x,39
P1856,YFV2003,P1856_1185,1,UNK,
P1856,YFV2003,P1856_1186,1,188x,39
P1856,YFV2003,P1856_1187,1,188x,39
P1856,YFV2003,P1856_1188,1,198x,25
P1856,YFV2003,P1856_1189,1,188x,39
P1856,YFV2003,P1856_1190,1,188x,39
P1856,YFV2003,P1856_1191,1,188x,39
P1856,YFV2003,P1856_1192,1,188x,39
P1902,YFV2001,P1902_1289,1,E4,52
P1902,YFV2001,P1902_1290,1,E4,52
P1902,YFV2001,P1902_1291,1,E4,52
P1902,YFV2001,P1902_1292,1,E4,52
P1902,YFV2001,P1902_1293,1,A7,46
P1902,YFV2001,P1902_1294,1,A7,46
P1902,YFV2001,P1902_1295,1,A7,46
P1902,YFV2001,P1902_1296,1,A7,46
P1902,YFV2001,P1902_1297,1,E4,52
P1902,YFV2001,P1902_1298,1,E4,52
P1902,YFV2001,P1902_1299,1,E4,52
P1902,YFV2001,P1902_1300,1,E4,52
P1902,YFV2001,P1902_1301,1,A7,46
P1902,YFV2001,P1902_1302,1,A7,46
P1902,YFV2001,P1902_1303,1,A7,46
P1902,YFV2001,P1902_1304,1,A7,46
P1902,YFV2001,P1902_1305,1,E4,52
P1902,YFV2001,P1902_1306,1,E4,52
P1902,YFV2001,P1902_1307,1,E4,52
P1902,YFV2001,P1902_1308,1,E4,52
P1902,YFV2001,P1902_1309,1,A7,46
P1902,YFV2001,P1902_1310,1,A7,46
P1902,YFV2001,P1902_1311,1,A7,46
P1902,YFV2001,P1902_1312,1,A7,46
P1902,YFV2001,P1902_1313,1,E4,52
P1902,YFV2001,P1902_1314,1,E4,52
P1902,YFV2001,P1902_1315,1,E4,52
P1902,YFV2001,P1902_1316,1,E4,52
P1902,YFV2001,P1902_1317,1,A7,46
P1902,YFV2001,P1902_1318,1,A7,46
P1902,YFV2001,P1902_1319,1,A7,46
P1902,YFV2001,P1902_1320,1,A7,46
P1902,YFV2001,P1902_1321,1,E4,52
P1902,YFV2001,P1902_1322,1,E4,52
P1902,YFV2001,P1902_1323,1,E4,52
P1902,YFV2001,P1902_1324,1,E4,52
P1902,YFV2001,P1902_1325,1,A7,46
P1902,YFV2001,P1902_1326,1,A7,46
P1902,YFV2001,P1902_1327,1,A7,46
P1902,YFV2001,P1902_1328,1,A7,46
P1902,YFV2001,P1902_1329,1,E4,52
P1902,YFV2001,P1902_1330,1,E4,52
P1902,YFV2001,P1902_1331,1,E4,52
P1902,YFV2001,P1902_1332,1,E4,52
P1902,YFV2001,P1902_1333,1,A7,46
P1902,YFV2001,P1902_1334,1,A7,46
P1902,YFV2001,P1902_1335,1,A7,46
P1902,YFV2001,P1902_1336,1,A7,46
P1902,YFV2001,P1902_1337,1,E4,52
P1902,YFV2001,P1902_1338,1,E4,52
P1902,YFV2001,P1902_1339,1,E4,52
P1902,YFV2001,P1902_1340,1,E4,52
P1902,YFV2001,P1902_1341,1,A7,46
P1902,YFV2001,P1902_1342,1,A7,46
P1902,YFV2001,P1902_1343,1,A7,46
P1902,YFV2001,P1902_1344,1,A7,46
P1902,YFV2001,P1902_1345,1,E4,52
P1902,YFV2001,P1902_1346,1,E4,52
P1902,YFV2001,P1902_1347,1,E4,52
P1902,YFV2001,P1902_1348,1,E4,52
P1902,YFV2001,P1902_1349,1,A7,46
P1902,YFV2001,P1902_1350,1,A7,46
P1902,YFV2001,P1902_1351,1,A7,46
P1902,YFV2001,P1902_1352,1,A7,46
P1902,YFV2001,P1902_1353,1,E4,52
P1902,YFV2001,P1902_1354,1,E4,52
P1902,YFV2001,P1902_1355,1,E4,52
P1902,YFV2001,P1902_1356,1,E4,52
P1902,YFV2001,P1902_1357,1,A7,46
P1902,YFV2001,P1902_1358,1,A7,46
P1902,YFV2001,P1902_1359,1,A7,46
P1902,YFV2001,P1902_1360,1,A7,46
P1902,YFV2001,P1902_1361,1,E4,52
P1902,YFV2001,P1902_1362,1,E4,52
P1902,YFV2001,P1902_1363,1,E4,52
P1902,YFV2001,P1902_1364,1,E4,52
P1902,YFV2001,P1902_1365,1,A7,46
P1902,YFV2001,P1902_1366,1,A7,46
P1902,YFV2001,P1902_1367,1,A7,46
P1902,YFV2001,P1902_1368,1,A7,46
P1902,YFV2001,P1902_1369,1,E4,52
P1902,YFV2001,P1902_1370,1,E4,52
P1902,YFV2001,P1902_1371,1,E4,52
P1902,YFV2001,P1902_1372,1,E4,52
P1902,YFV2001,P1902_1373,1,A7,46
P1902,YFV2001,P1902_1374,1,A7,46
P1902,YFV2001,P1902_1375,1,A7,46
P1902,YFV2001,P1902_1376,1,A7,46
P1902,YFV2001,P1902_1377,1,E4,52
P1902,YFV2001,P1902_1378,1,E4,52
P1902,YFV2001,P1902_1379,1,E4,52
P1902,YFV2001,P1902_1380,50,E4,52
P1902,YFV2001,P1902_1381,1,A7,46
P1902,YFV2001,P1902_1382,50,A7,46
P1902,YFV2001,P1902_1383,1,A7,46
P1902,YFV2001,P1902_1384,50,A7,46
P1902,YFV2001,P1902_1385,1,A8,49
P1902,YFV2001,P1902_1386,1,A8,49
P1902,YFV2001,P1902_1387,1,A8,49
P1902,YFV2001,P1902_1388,1,A8,49
P1902,YFV2001,P1902_1389,1,A8,49
P1902,YFV2001,P1902_1390,1,A8,49
P1902,YFV2001,P1902_1391,1,A8,49
P1902,YFV2001,P1902_1392,1,A8,49
P1902,YFV2001,P1902_1393,1,A8,49
P1902,YFV2001,P1902_1394,1,A8,49
P1902,YFV2001,P1902_1395,1,A8,49
P1902,YFV2001,P1902_1396,1,A8,49
P1902,YFV2001,P1902_1397,1,A8,49
P1902,YFV2001,P1902_1398,1,A8,49
P1902,YFV2001,P1902_1399,1,A8,49
P1902,YFV2001,P1902_1400,1,A8,49
P1902,YFV2001,P1902_1401,1,A8,49
P1902,YFV2001,P1902_1402,1,A8,49
P1902,YFV2001,P1902_1403,1,A8,49
P1902,YFV2001,P1902_1404,1,A8,49
P1902,YFV2001,P1902_1405,1,A8,49
P1902,YFV2001,P1902_1406,1,A8,49
P1902,YFV2001,P1902_1407,1,A8,49
P1902,YFV2001,P1902_1408,1,A8,49
P1902,YFV2001,P1902_1409,1,A8,49
P1902,YFV2001,P1902_1410,1,A8,49
P1902,YFV2001,P1902_1411,1,A8,49
P1902,YFV2001,P1902_1412,1,A8,49
P1902,YFV2001,P1902_1413,1,A8,49
P1902,YFV2001,P1902_1414,1,A8,49
P1902,YFV2001,P1902_1415,1,A8,49
P1902,YFV2001,P1902_1416,1,A8,49
P1902,YFV2001,P1902_1417,1,G6,15
P1902,YFV2001,P1902_1418,1,G6,15
P1902,YFV2001,P1902_1419,1,G6,15
P1902,YFV2001,P1902_1420,1,G6,15
P1902,YFV2001,P1902_1421,1,G6,15
P1902,YFV2001,P1902_1422,1,G6,15
P1902,YFV2001,P1902_1423,1,G6,15
P1902,YFV2001,P1902_1424,1,G6,15
P1902,YFV2001,P1902_1425,1,G6,15
P1902,YFV2001,P1902_1426,1,G6,15
P1902,YFV2001,P1902_1427,1,G6,15
P1902,YFV2001,P1902_1428,1,G6,15
P1902,YFV2001,P1902_1429,1,G6,15
P1902,YFV2001,P1902_1430,1,G6,15
P1902,YFV2001,P1902_1431,1,G6,15
P1902,YFV2001,P1902_1432,1,G6,15
P1902,YFV2001,P1902_1433,1,G6,15
P1902,YFV2001,P1902_1434,1,G6,15
P1902,YFV2001,P1902_1435,1,G6,15
P1902,YFV2001,P1902_1436,1,G6,15
P1902,YFV2001,P1902_1437,1,G6,15
P1902,YFV2001,P1902_1438,1,G6,15
P1902,YFV2001,P1902_1439,1,G6,15
P1902,YFV2001,P1902_1440,1,G6,15
P1902,YFV2001,P1902_1441,1,G6,15
P1902,YFV2001,P1902_1442,1,G6,15
P1902,YFV2001,P1902_1443,1,G6,15
P1902,YFV2001,P1902_1444,1,G6,15
P1902,YFV2001,P1902_1445,1,G6,15
P1902,YFV2001,P1902_1446,1,G6,15
P1902,YFV2001,P1902_1447,1,G6,15
P1902,YFV2001,P1902_1448,1,G6,15
P1902,YFV2001,P1902_1449,1,G8,57
P1902,YFV2001,P1902_1450,1,G8,57
P1902,YFV2001,P1902_1451,1,G8,57
P1902,YFV2001,P1902_1452,1,G8,57
P1902,YFV2001,P1902_1453,1,G8,57
P1902,YFV2001,P1902_1454,1,G8,57
P1902,YFV2001,P1902_1455,1,G8,57
P1902,YFV2001,P1902_1456,1,G8,57
P1902,YFV2001,P1902_1457,1,G8,57
P1902,YFV2001,P1902_1458,1,G8,57
P1902,YFV2001,P1902_1459,1,G8,57
P1902,YFV2001,P1902_1460,1,G8,57
P1902,YFV2001,P1902_1461,1,G8,57
P1902,YFV2001,P1902_1462,1,G8,57
P1902,YFV2001,P1902_1463,1,G8,57
P1902,YFV2001,P1902_1464,1,G8,57
P1902,YFV2001,P1902_1465,1,G8,57
P1902,YFV2001,P1902_1466,1,G8,57
P1902,YFV2001,P1902_1467,1,G8,57
P1902,YFV2001,P1902_1468,1,G8,57
P1902,YFV2001,P1902_1469,1,G8,57
P1902,YFV2001,P1902_1470,1,G8,57
P1902,YFV2001,P1902_1471,1,G8,57
P1902,YFV2001,P1902_1472,1,G8,57
P1902,YFV2001,P1902_1473,1,G8,57
P1902,YFV2001,P1902_1474,1,G8,57
P1902,YFV2001,P1902_1475,1,G8,57
P1902,YFV2001,P1902_1476,1,G8,57
P1902,YFV2001,P1902_1477,1,G8,57
P1902,YFV2001,P1902_1478,1,G8,57
P1902,YFV2001,P1902_1479,1,G8,57
P1902,YFV2001,P1902_1480,1,G8,57
P1902,YFV2001,P1902_1481,1,H2,33
P1902,YFV2001,P1902_1482,1,H2,33
P1902,YFV2001,P1902_1483,1,H2,33
P1902,YFV2001,P1902_1484,1,H2,33
P1902,YFV2001,P1902_1485,1,H9,35
P1902,YFV2001,P1902_1486,1,H9,35
P1902,YFV2001,P1902_1487,1,H9,35
P1902,YFV2001,P1902_1488,0,,
P1902,YFV2001,P1902_1489,1,H2,33
P1902,YFV2001,P1902_1490,1,H2,33
P1902,YFV2001,P1902_1491,1,H2,33
P1902,YFV2001,P1902_1492,1,H2,33
P1902,YFV2001,P1902_1493,1,H9,35
P1902,YFV2001,P1902_1494,1,H9,35
P1902,YFV2001,P1902_1495,1,H9,35
P1902,YFV2001,P1902_1496,0,,
P1902,YFV2001,P1902_1497,1,H2,33
P1902,YFV2001,P1902_1498,1,H2,33
P1902,YFV2001,P1902_1499,1,H2,33
P1902,YFV2001,P1902_1500,1,H2,33
P1902,YFV2001,P1902_1501,1,H9,35
P1902,YFV2001,P1902_1502,1,H9,35
P1902,YFV2001,P1902_1503,1,H9,35
P1902,YFV2001,P1902_1504,0,,
P1902,YFV2001,P1902_1505,1,H2,33
P1902,YFV2001,P1902_1506,1,H2,33
P1902,YFV2001,P1902_1507,1,H2,33
P1902,YFV2001,P1902_1508,1,H2,33
P1902,YFV2001,P1902_1509,1,H9,35
P1902,YFV2001,P1902_1510,1,H9,35
P1902,YFV2001,P1902_1511,1,H9,35
P1902,YFV2001,P1902_1512,0,,
P1902,YFV2001,P1902_1513,1,H2,33
P1902,YFV2001,P1902_1514,1,H2,33
P1902,YFV2001,P1902_1515,1,H2,33
P1902,YFV2001,P1902_1516,1,H2,33
P1902,YFV2001,P1902_1517,1,H9,35
P1902,YFV2001,P1902_1518,1,H9,35
P1902,YFV2001,P1902_1519,1,H9,35
P1902,YFV2001,P1902_1520,0,,
P1902,YFV2001,P1902_1521,1,H2,33
P1902,YFV2001,P1902_1522,1,H2,33
P1902,YFV2001,P1902_1523,1,H2,33
P1902,YFV2001,P1902_1524,1,H2,33
P1902,YFV2001,P1902_1525,1,H9,35
P1902,YFV2001,P1902_1526,1,H9,35
P1902,YFV2001,P1902_1527,1,H9,35
P1902,YFV2001,P1902_1528,0,,
P1902,YFV2001,P1902_1529,1,H2,33
P1902,YFV2001,P1902_1530,1,H2,33
P1902,YFV2001,P1902_1531,1,H2,33
P1902,YFV2001,P1902_1532,1,H2,33
P1902,YFV2001,P1902_1533,1,H9,35
P1902,YFV2001,P1902_1534,1,H9,35
P1902,YFV2001,P1902_1535,1,H9,35
P1902,YFV2001,P1902_1536,0,,
P1902,YFV2001,P1902_1537,1,H2,33
P1902,YFV2001,P1902_1538,1,H2,33
P1902,YFV2001,P1902_1539,1,H2,33
P1902,YFV2001,P1902_1540,1,H2,33
P1902,YFV2001,P1902_1541,1,H9,35
P1902,YFV2001,P1902_1542,1,H9,35
P1902,YFV2001,P1902_1543,1,H9,35
P1902,YFV2001,P1902_1544,0,,
P1902,YFV2001,P1902_1545,1,H2,33
P1902,YFV2001,P1902_1546,1,H2,33
P1902,YFV2001,P1902_1547,1,H2,33
P1902,YFV2001,P1902_1548,1,H2,33
P1902,YFV2001,P1902_1549,1,H9,35
P1902,YFV2001,P1902_1550,1,H9,35
P1902,YFV2001,P1902_1551,1,H9,35
P1902,YFV2001,P1902_1552,0,,
P1902,YFV2001,P1902_1553,1,H2,33
P1902,YFV2001,P1902_1554,1,H2,33
P1902,YFV2001,P1902_1555,1,H2,33
P1902,YFV2001,P1902_1556,1,H2,33
P1902,YFV2001,P1902_1557,1,H9,35
P1902,YFV2001,P1902_1558,1,H9,35
P1902,YFV2001,P1902_1559,1,H9,35
P1902,YFV2001,P1902_1560,0,,
P1902,YFV2001,P1902_1561,1,H2,33
P1902,YFV2001,P1902_1562,1,H2,33
P1902,YFV2001,P1902_1563,1,H2,33
P1902,YFV2001,P1902_1564,1,H2,33
P1902,YFV2001,P1902_1565,1,H9,35
P1902,YFV2001,P1902_1566,1,H9,35
P1902,YFV2001,P1902_1567,0,,
P1902,YFV2001,P1902_1568,0,,
P1902,YFV2001,P1902_1569,1,H2,33
P1902,YFV2001,P1902_1570,50,H2,33
P1902,YFV2001,P1902_1571,50,H2,33
P1902,YFV2001,P1902_1572,50,H2,33
P1902,YFV2001,P1902_1573,1,H9,35
P1902,YFV2001,P1902_1574,1,H9,35
P1902,YFV2001,P1902_1575,0,,
P1902,YFV2001,P1902_1576,0,,
P1902,YFV2001,P1902_1577,1,B4,36
P1902,YFV2001,P1902_1578,1,B4,36
P1902,YFV2001,P1902_1579,1,B4,36
P1902,YFV2001,P1902_1580,1,B4,36
P1902,YFV2001,P1902_1581,1,F3,37
P1902,YFV2001,P1902_1582,1,F3,37
P1902,YFV2001,P1902_1583,1,F3,37
P1902,YFV2001,P1902_1584,1,F3,37
P1902,YFV2001,P1902_1585,1,B4,36
P1902,YFV2001,P1902_1586,1,B4,36
P1902,YFV2001,P1902_1587,1,B4,36
P1902,YFV2001,P1902_1588,1,B4,36
P1902,YFV2001,P1902_1589,1,F3,37
P1902,YFV2001,P1902_1590,1,F3,37
P1902,YFV2001,P1902_1591,1,F3,37
P1902,YFV2001,P1902_1592,1,F3,37
P1902,YFV2001,P1902_1593,1,B4,36
P1902,YFV2001,P1902_1594,1,B4,36
P1902,YFV2001,P1902_1595,1,B4,36
P1902,YFV2001,P1902_1596,1,B4,36
P1902,YFV2001,P1902_1597,1,F3,37
P1902,YFV2001,P1902_1598,1,F3,37
P1902,YFV2001,P1902_1599,1,F3,37
P1902,YFV2001,P1902_1600,1,F3,37
P1902,YFV2001,P1902_1601,1,B4,36
P1902,YFV2001,P1902_1602,1,B4,36
P1902,YFV2001,P1902_1603,1,B4,36
P1902,YFV2001,P1902_1604,1,B4,36
P1902,YFV2001,P1902_1605,1,F3,37
P1902,YFV2001,P1902_1606,1,F3,37
P1902,YFV2001,P1902_1607,1,F3,37
P1902,YFV2001,P1902_1608,1,F3,37
P1902,YFV2001,P1902_1609,1,B4,36
P1902,YFV2001,P1902_1610,1,B4,36
P1902,YFV2001,P1902_1611,1,B4,36
P1902,YFV2001,P1902_1612,1,B4,36
P1902,YFV2001,P1902_1613,1,F3,37
P1902,YFV2001,P1902_1614,1,F3,37
P1902,YFV2001,P1902_1615,1,F3,37
P1902,YFV2001,P1902_1616,1,F3,37
P1902,YFV2001,P1902_1617,1,B4,36
P1902,YFV2001,P1902_1618,1,B4,36
P1902,YFV2001,P1902_1619,1,B4,36
P1902,YFV2001,P1902_1620,1,B4,36
P1902,YFV2001,P1902_1621,1,F3,37
P1902,YFV2001,P1902_1622,1,F3,37
P1902,YFV2001,P1902_1623,1,F3,37
P1902,YFV2001,P1902_1624,1,F3,37
P1902,YFV2001,P1902_1625,1,B4,36
P1902,YFV2001,P1902_1626,1,B4,36
P1902,YFV2001,P1902_1627,1,B4,36
P1902,YFV2001,P1902_1628,1,B4,36
P1902,YFV2001,P1902_1629,1,F3,37
P1902,YFV2001,P1902_1630,1,F3,37
P1902,YFV2001,P1902_1631,1,F3,37
P1902,YFV2001,P1902_1632,1,F3,37
P1902,YFV2001,P1902_1633,1,B4,36
P1902,YFV2001,P1902_1634,1,B4,36
P1902,YFV2001,P1902_1635,1,B4,36
P1902,YFV2001,P1902_1636,1,B4,36
P1902,YFV2001,P1902_1637,1,F3,37
P1902,YFV2001,P1902_1638,1,F3,37
P1902,YFV2001,P1902_1639,1,F3,37
P1902,YFV2001,P1902_1640,1,F3,37
P1902,YFV2001,P1902_1641,1,B4,36
P1902,YFV2001,P1902_1642,1,B4,36
P1902,YFV2001,P1902_1643,1,B4,36
P1902,YFV2001,P1902_1644,1,B4,36
P1902,YFV2001,P1902_1645,1,F3,37
P1902,YFV2001,P1902_1646,1,F3,37
P1902,YFV2001,P1902_1647,1,F3,37
P1902,YFV2001,P1902_1648,1,F3,37
P1902,YFV2001,P1902_1649,1,B4,36
P1902,YFV2001,P1902_1650,1,B4,36
P1902,YFV2001,P1902_1651,1,B4,36
P1902,YFV2001,P1902_1652,1,B4,36
P1902,YFV2001,P1902_1653,1,F3,37
P1902,YFV2001,P1902_1654,1,F3,37
P1902,YFV2001,P1902_1655,1,F3,37
P1902,YFV2001,P1902_1656,1,F3,37
P1902,YFV2001,P1902_1657,1,B4,36
P1902,YFV2001,P1902_1658,1,B4,36
P1902,YFV2001,P1902_1659,1,B4,36
P1902,YFV2001,P1902_1660,1,B4,36
P1902,YFV2001,P1902_1661,1,F3,37
P1902,YFV2001,P1902_1662,1,F3,37
P1902,YFV2001,P1902_1663,1,F3,37
P1902,YFV2001,P1902_1664,1,F3,37
P1902,YFV2001,P1902_1665,1,B4,36
P1902,YFV2001,P1902_1666,50,B4,36
P1902,YFV2001,P1902_1667,50,B4,36
P1902,YFV2001,P1902_1668,50,B4,36
P1902,YFV2001,P1902_1669,1,F3,37
P1902,YFV2001,P1902_1670,1,F3,37
P1902,YFV2001,P1902_1671,1,F3,37
P1902,YFV2001,P1902_1672,1,F3,37
P3128,YFV2001,P3128_1193,1,D2,3
P3128,YFV2001,P3128_1194,1,D2,3
P3128,YFV2001,P3128_1195,1,D2,3
P3128,YFV2001,P3128_1196,1,D2,3
P3128,YFV2001,P3128_1197,1,D2,3
P3128,YFV2001,P3128_1198,1,D2,3
P3128,YFV2001,P3128_1199,1,D2,3
P3128,YFV2001,P3128_1200,20,D2 BULK,3
P3128,YFV2001,P3128_1201,1,D2,3
P3128,YFV2001,P3128_1202,1,D2,3
P3128,YFV2001,P3128_1203,1,D2,3
P3128,YFV2001,P3128_1204,1,D2,3
P3128,YFV2001,P3128_1205,1,D2,3
P3128,YFV2001,P3128_1206,1,D2,3
P3128,YFV2001,P3128_1207,1,D2,3
P3128,YFV2001,P3128_1208,20,D2 BULK,3
P3128,YFV2001,P3128_1209,1,H3,11
P3128,YFV2001,P3128_1210,1,H3,11
P3128,YFV2001,P3128_1211,1,H3,11
P3128,YFV2001,P3128_1212,1,H3,11
P3128,YFV2001,P3128_1213,1,H3,11
P3128,YFV2001,P3128_1214,1,H3,11
P3128,YFV2001,P3128_1215,1,H3,11
P3128,YFV2001,P3128_1216,20,H3 BULK,11
P3128,YFV2001,P3128_1217,1,H3,11
P3128,YFV2001,P3128_1218,1,H3,11
P3128,YFV2001,P3128_1219,1,H3,11
P3128,YFV2001,P3128_1220,1,H3,11
P3128,YFV2001,P3128_1221,1,H3,11
P3128,YFV2001,P3128_1222,1,H3,11
P3128,YFV2001,P3128_1223,1,H3,11
P3128,YFV2001,P3128_1224,20,H3 BULK,11
P3128,YFV2001,P3128_1225,1,D6,55
P3128,YFV2001,P3128_1226,1,D6,55
P3128,YFV2001,P3128_1227,1,D6,55
P3128,YFV2001,P3128_1228,1,D6,55
P3128,YFV2001,P3128_1229,1,D6,55
P3128,YFV2001,P3128_1230,1,D6,55
P3128,YFV2001,P3128_1231,1,D6,55
P3128,YFV2001,P3128_1232,20,D6 BULK,55
P3128,YFV2001,P3128_1233,1,D6,55
P3128,YFV2001,P3128_1234,1,D6,55
P3128,YFV2001,P3128_1235,1,D6,55
P3128,YFV2001,P3128_1236,1,D6,55
P3128,YFV2001,P3128_1237,1,D6,55
P3128,YFV2001,P3128_1238,1,D6,55
P3128,YFV2001,P3128_1239,1,D6,55
P3128,YFV2001,P3128_1240,20,D6 BULK,55
P3128,YFV2001,P3128_1241,1,F7,41
P3128,YFV2001,P3128_1242,1,F7,41
P3128,YFV2001,P3128_1243,1,F7,41
P3128,YFV2001,P3128_1244,1,F7,41
P3128,YFV2001,P3128_1245,1,F7,41
P3128,YFV2001,P3128_1246,1,F7,41
P3128,YFV2001,P3128_1247,1,F7,41
P3128,YFV2001,P3128_1248,20,F7 BULK,41
P3128,YFV2001,P3128_1249,1,F7,41
P3128,YFV2001,P3128_1250,1,F7,41
P3128,YFV2001,P3128_1251,1,F7,41
P3128,YFV2001,P3128_1252,1,F7,41
P3128,YFV2001,P3128_1253,1,F7,41
P3128,YFV2001,P3128_1254,1,F7,41
P3128,YFV2001,P3128_1255,1,F7,41
P3128,YFV2001,P3128_1256,20,F7 BULK,41
P3128,YFV2001,P3128_1257,1,A2,7
P3128,YFV2001,P3128_1258,1,A2,7
P3128,YFV2001,P3128_1259,1,A2,7
P3128,YFV2001,P3128_1260,1,A2,7
P3128,YFV2001,P3128_1261,1,A2,7
P3128,YFV2001,P3128_1262,1,A2,7
P3128,YFV2001,P3128_1263,1,A2,7
P3128,YFV2001,P3128_1264,20,A2 BULK,7
P3128,YFV2001,P3128_1265,1,A2,7
P3128,YFV2001,P3128_1266,1,A2,7
P3128,YFV2001,P3128_1267,1,A2,7
P3128,YFV2001,P3128_1268,1,A2,7
P3128,YFV2001,P3128_1269,1,A2,7
P3128,YFV2001,P3128_1270,1,A2,7
P3128,YFV2001,P3128_1271,1,A2,7
P3128,YFV2001,P3128_1272,20,A2 BULK,7
P3128,YFV2001,P3128_1273,1,B6,8
P3128,YFV2001,P3128_1274,1,B6,8
P3128,YFV2001,P3128_1275,1,B6,8
P3128,YFV2001,P3128_1276,1,B6,8
P3128,YFV2001,P3128_1277,1,B6,8
P3128,YFV2001,P3128_1278,1,B6,8
P3128,YFV2001,P3128_1279,1,B6,8
P3128,YFV2001,P3128_1280,20,B6 BULK,8
P3128,YFV2001,P3128_1281,1,B6,8
P3128,YFV2001,P3128_1282,1,B6,8
P3128,YFV2001,P3128_1283,1,B6,8
P3128,YFV2001,P3128_1284,1,B6,8
P3128,YFV2001,P3128_1285,1,B6,8
P3128,YFV2001,P3128_1286,1,B6,8
P3128,YFV2001,P3128_1287,1,B6,8
P3128,YFV2001,P3128_1288,20,B6 BULK,8
P3128,YFV2001,P3128_1289,1,C6,9
P3128,YFV2001,P3128_1290,1,C6,9
P3128,YFV2001,P3128_1291,1,C6,9
P3128,YFV2001,P3128_1292,1,C6,9
P3128,YFV2001,P3128_1293,1,C6,9
P3128,YFV2001,P3128_1294,1,C6,9
P3128,YFV2001,P3128_1295,1,C6,9
P3128,YFV2001,P3128_1296,20,C6 BULK,9
P3128,YFV2001,P3128_1297,1,C6,9
P3128,YFV2001,P3128_1298,1,C6,9
P3128,YFV2001,P3128_1299,1,C6,9
P3128,YFV2001,P3128_1300,1,C6,9
P3128,YFV2001,P3128_1301,1,C6,9
P3128,YFV2001,P3128_1302,1,C6,9
P3128,YFV2001,P3128_1303,1,C6,9
P3128,YFV2001,P3128_1304,20,C6 BULK,9
P3128,YFV2001,P3128_1305,1,E7,13
P3128,YFV2001,P3128_1306,1,E7,13
P3128,YFV2001,P3128_1307,1,E7,13
P3128,YFV2001,P3128_1308,1,E7,13
P3128,YFV2001,P3128_1309,1,E7,13
P3128,YFV2001,P3128_1310,1,E7,13
P3128,YFV2001,P3128_1311,1,E7,13
P3128,YFV2001,P3128_1312,20,E7 BULK,13
P3128,YFV2001,P3128_1313,1,E7,13
P3128,YFV2001,P3128_1314,1,E7,13
P3128,YFV2001,P3128_1315,1,E7,13
P3128,YFV2001,P3128_1316,1,E7,13
P3128,YFV2001,P3128_1317,1,E7,13
P3128,YFV2001,P3128_1318,1,E7,13
P3128,YFV2001,P3128_1319,1,E7,13
P3128,YFV2001,P3128_1320,20,E7 BULK,13
P3128,YFV2001,P3128_1321,1,B12,13
P3128,YFV2001,P3128_1322,1,B12,13
P3128,YFV2001,P3128_1323,1,B12,13
P3128,YFV2001,P3128_1324,1,B12,13
P3128,YFV2001,P3128_1325,1,B12,13
P3128,YFV2001,P3128_1326,1,B12,13
P3128,YFV2001,P3128_1327,1,B12,13
P3128,YFV2001,P3128_1328,20,B12 BULK,13
P3128,YFV2001,P3128_1329,1,B12,13
P3128,YFV2001,P3128_1330,1,B12,13
P3128,YFV2001,P3128_1331,1,B12,13
P3128,YFV2001,P3128_1332,1,B12,13
P3128,YFV2001,P3128_1333,1,B12,13
P3128,YFV2001,P3128_1334,1,B12,13
P3128,YFV2001,P3128_1335,1,B12,13
P3128,YFV2001,P3128_1336,20,B12 BULK,13
P3128,YFV2001,P3128_1337,1,C2,18
P3128,YFV2001,P3128_1338,1,C2,18
P3128,YFV2001,P3128_1339,1,C2,18
P3128,YFV2001,P3128_1340,1,C2,18
P3128,YFV2001,P3128_1341,1,C2,18
P3128,YFV2001,P3128_1342,1,C2,18
P3128,YFV2001,P3128_1343,1,C2,18
P3128,YFV2001,P3128_1344,20,C2 BULK,18
P3128,YFV2001,P3128_1345,1,C2,18
P3128,YFV2001,P3128_1346,1,C2,18
P3128,YFV2001,P3128_1347,1,C2,18
P3128,YFV2001,P3128_1348,1,C2,18
P3128,YFV2001,P3128_1349,1,C2,18
P3128,YFV2001,P3128_1350,1,C2,18
P3128,YFV2001,P3128_1351,1,C2,18
P3128,YFV2001,P3128_1352,20,C2 BULK,18
P3128,YFV2001,P3128_1353,1,H6,44
P3128,YFV2001,P3128_1354,1,H6,44
P3128,YFV2001,P3128_1355,1,H6,44
P3128,YFV2001,P3128_1356,1,H6,44
P3128,YFV2001,P3128_1357,1,H6,44
P3128,YFV2001,P3128_1358,1,H6,44
P3128,YFV2001,P3128_1359,1,H6,44
P3128,YFV2001,P3128_1360,20,H6 BULK,44
P3128,YFV2001,P3128_1361,1,H6,44
P3128,YFV2001,P3128_1362,1,H6,44
P3128,YFV2001,P3128_1363,1,H6,44
P3128,YFV2001,P3128_1364,1,H6,44
P3128,YFV2001,P3128_1365,1,H6,44
P3128,YFV2001,P3128_1366,1,H6,44
P3128,YFV2001,P3128_1367,1,H6,44
P3128,YFV2001,P3128_1368,20,H6 BULK,44
P3128,YFV2001,P3128_1369,1,F11,14
P3128,YFV2001,P3128_1370,1,F11,14
P3128,YFV2001,P3128_1371,1,F11,14
P3128,YFV2001,P3128_1372,1,F11,14
P3128,YFV2001,P3128_1373,2,F11,14
P3128,YFV2001,P3128_1374,1,F11,14
P3128,YFV2001,P3128_1375,1,F11,14
P3128,YFV2001,P3128_1376,20,F11 BULK,14
P3128,YFV2001,P3128_1377,1,F11,14
P3128,YFV2001,P3128_1378,1,F11,14
P3128,YFV2001,P3128_1379,1,F11,14
P3128,YFV2001,P3128_1380,0,F11,14
P3128,YFV2001,P3128_1381,2,F11,14
P3128,YFV2001,P3128_1382,1,F11,14
P3128,YFV2001,P3128_1383,1,F11,14
P3128,YFV2001,P3128_1384,20,F11 BULK,14
P3128,YFV2001,P3128_1385,1,B4,54
P3128,YFV2001,P3128_1386,1,B4,54
P3128,YFV2001,P3128_1387,1,B4,54
P3128,YFV2001,P3128_1388,1,B4,54
P3128,YFV2001,P3128_1389,1,B4,54
P3128,YFV2001,P3128_1390,1,B4,54
P3128,YFV2001,P3128_1391,1,B4,54
P3128,YFV2001,P3128_1392,10,B4 BULK,54
P3128,YFV2001,P3128_1393,1,B4,54
P3128,YFV2001,P3128_1394,1,B4,54
P3128,YFV2001,P3128_1395,1,B4,54
P3128,YFV2001,P3128_1396,1,B4,54
P3128,YFV2001,P3128_1397,1,B4,54
P3128,YFV2001,P3128_1398,1,B4,54
P3128,YFV2001,P3128_1399,1,B4,54
P3128,YFV2001,P3128_1400,10,B4 BULK,54
P3128,YFV2001,P3128_1401,1,E8,6
P3128,YFV2001,P3128_1402,1,E8,6
P3128,YFV2001,P3128_1403,1,E8,6
P3128,YFV2001,P3128_1404,1,E8,6
P3128,YFV2001,P3128_1405,1,E8,6
P3128,YFV2001,P3128_1406,1,E8,6
P3128,YFV2001,P3128_1407,1,E8,6
P3128,YFV2001,P3128_1408,10,E8 BULK,6
P3128,YFV2001,P3128_1409,1,E8,6
P3128,YFV2001,P3128_1410,1,E8,6
P3128,YFV2001,P3128_1411,1,E8,6
P3128,YFV2001,P3128_1412,1,E8,6
P3128,YFV2001,P3128_1413,1,E8,6
P3128,YFV2001,P3128_1414,1,E8,6
P3128,YFV2001,P3128_1415,1,E8,6
P3128,YFV2001,P3128_1416,10,E8 BULK,6
P3128,YFV2001,P3128_1417,1,D1,48
P3128,YFV2001,P3128_1418,1,D1,48
P3128,YFV2001,P3128_1419,1,D1,48
P3128,YFV2001,P3128_1420,1,D1,48
P3128,YFV2001,P3128_1421,1,D1,48
P3128,YFV2001,P3128_1422,1,D1,48
P3128,YFV2001,P3128_1423,1,D1,48
P3128,YFV2001,P3128_1424,10,D1 BULK,48
P3128,YFV2001,P3128_1425,1,D1,48
P3128,YFV2001,P3128_1426,1,D1,48
P3128,YFV2001,P3128_1427,1,D1,48
P3128,YFV2001,P3128_1428,1,D1,48
P3128,YFV2001,P3128_1429,1,D1,48
P3128,YFV2001,P3128_1430,1,D1,48
P3128,YFV2001,P3128_1431,1,D1,48
P3128,YFV2001,P3128_1432,10,D1 BULK,48
P3128,YFV2001,P3128_1433,1,A7,32
P3128,YFV2001,P3128_1434,1,A7,32
P3128,YFV2001,P3128_1435,1,A7,32
P3128,YFV2001,P3128_1436,1,A7,32
P3128,YFV2001,P3128_1437,1,A7,32
P3128,YFV2001,P3128_1438,1,A7,32
P3128,YFV2001,P3128_1439,1,A7,32
P3128,YFV2001,P3128_1440,10,A7 BULK,32
P3128,YFV2001,P3128_1441,1,A7,32
P3128,YFV2001,P3128_1442,1,A7,32
P3128,YFV2001,P3128_1443,1,A7,32
P3128,YFV2001,P3128_1444,1,A7,32
P3128,YFV2001,P3128_1445,1,A7,32
P3128,YFV2001,P3128_1446,1,A7,32
P3128,YFV2001,P3128_1447,1,A7,32
P3128,YFV2001,P3128_1448,4,A7 BULK,32
P3128,YFV2001,P3128_1449,1,D10,47
P3128,YFV2001,P3128_1450,1,D10,47
P3128,YFV2001,P3128_1451,1,D10,47
P3128,YFV2001,P3128_1452,1,D10,47
P3128,YFV2001,P3128_1453,1,D10,47
P3128,YFV2001,P3128_1454,1,D10,47
P3128,YFV2001,P3128_1455,1,D10,47
P3128,YFV2001,P3128_1456,0,D10 BULK,
P3128,YFV2001,P3128_1457,1,D10,47
P3128,YFV2001,P3128_1458,1,D10,47
P3128,YFV2001,P3128_1459,1,D10,47
P3128,YFV2001,P3128_1460,1,D10,47
P3128,YFV2001,P3128_1461,1,D10,47
P3128,YFV2001,P3128_1462,1,D10,47
P3128,YFV2001,P3128_1463,1,D10,47
P3128,YFV2001,P3128_1464,0,D10 BULK,
P3128,YFV2001,P3128_1465,1,F6,27
P3128,YFV2001,P3128_1466,1,F6,27
P3128,YFV2001,P3128_1467,1,F6,27
P3128,YFV2001,P3128_1468,1,F6,27
P3128,YFV2001,P3128_1469,1,F6,27
P3128,YFV2001,P3128_1470,1,F6,27
P3128,YFV2001,P3128_1471,0,F6,27
P3128,YFV2001,P3128_1472,0,F6 BULK,
P3128,YFV2001,P3128_1473,1,F6,27
P3128,YFV2001,P3128_1474,1,F6,27
P3128,YFV2001,P3128_1475,1,F6,27
P3128,YFV2001,P3128_1476,1,F6,27
P3128,YFV2001,P3128_1477,1,F6,27
P3128,YFV2001,P3128_1478,1,F6,27
P3128,YFV2001,P3128_1479,0,F6,27
P3128,YFV2001,P3128_1480,0,F6 BULK,
P3128,YFV2001,P3128_1481,1,A8,1
P3128,YFV2001,P3128_1482,1,A8,1
P3128,YFV2001,P3128_1483,1,A8,1
P3128,YFV2001,P3128_1484,1,A8,1
P3128,YFV2001,P3128_1485,1,A8,1
P3128,YFV2001,P3128_1486,1,A8,1
P3128,YFV2001,P3128_1487,1,A8,1
P3128,YFV2001,P3128_1488,5,A8 BULK,1
P3128,YFV2001,P3128_1489,1,A8,1
P3128,YFV2001,P3128_1490,1,A8,1
P3128,YFV2001,P3128_1491,1,A8,1
P3128,YFV2001,P3128_1492,1,A8,1
P3128,YFV2001,P3128_1493,1,A8,1
P3128,YFV2001,P3128_1494,1,A8,1
P3128,YFV2001,P3128_1495,1,A8,1
P3128,YFV2001,P3128_1496,5,A8 BULK,1
P3128,YFV2001,P3128_1497,1,G3,29
P3128,YFV2001,P3128_1498,1,G3,29
P3128,YFV2001,P3128_1499,1,G3,29
P3128,YFV2001,P3128_1500,1,G3,29
P3128,YFV2001,P3128_1501,1,G3,29
P3128,YFV2001,P3128_1502,1,G3,29
P3128,YFV2001,P3128_1503,1,G3,29
P3128,YFV2001,P3128_1504,0,G3 BULK,29
P3128,YFV2001,P3128_1505,1,G3,29
P3128,YFV2001,P3128_1506,1,G3,29
P3128,YFV2001,P3128_1507,1,G3,29
P3128,YFV2001,P3128_1508,1,G3,29
P3128,YFV2001,P3128_1509,1,G3,29
P3128,YFV2001,P3128_1510,1,G3,29
P3128,YFV2001,P3128_1511,1,G3,29
P3128,YFV2001,P3128_1512,0,G3 BULK,29
P3128,YFV2001,P3128_1513,1,F4,12
P3128,YFV2001,P3128_1514,1,F4,12
P3128,YFV2001,P3128_1515,1,F4,12
P3128,YFV2001,P3128_1516,1,F4,12
P3128,YFV2001,P3128_1517,1,F4,12
P3128,YFV2001,P3128_1518,1,F4,12
P3128,YFV2001,P3128_1519,1,F4,12
P3128,YFV2001,P3128_1520,0,F4 BULK,
P3128,YFV2001,P3128_1521,1,F4,12
P3128,YFV2001,P3128_1522,1,F4,12
P3128,YFV2001,P3128_1523,1,F4,12
P3128,YFV2001,P3128_1524,1,F4,12
P3128,YFV2001,P3128_1525,1,F4,12
P3128,YFV2001,P3128_1526,1,F4,12
P3128,YFV2001,P3128_1527,1,F4,12
P3128,YFV2001,P3128_1528,0,F4 BULK,
P3128,YFV2001,P3128_1529,1,E2,1
P3128,YFV2001,P3128_1530,1,E2,1
P3128,YFV2001,P3128_1531,1,E2,1
P3128,YFV2001,P3128_1532,1,E2,1
P3128,YFV2001,P3128_1533,1,E2,1
P3128,YFV2001,P3128_1534,1,E2,1
P3128,YFV2001,P3128_1535,1,E2,1
P3128,YFV2001,P3128_1536,5,E2 BULK,1
P3128,YFV2001,P3128_1537,1,E2,1
P3128,YFV2001,P3128_1538,1,E2,1
P3128,YFV2001,P3128_1539,1,E2,1
P3128,YFV2001,P3128_1540,1,E2,1
P3128,YFV2001,P3128_1541,1,E2,1
P3128,YFV2001,P3128_1542,1,E2,1
P3128,YFV2001,P3128_1543,1,E2,1
P3128,YFV2001,P3128_1544,5,E2 BULK,1
P3128,YFV2001,P3128_1545,1,B10,54
P3128,YFV2001,P3128_1546,1,B10,54
P3128,YFV2001,P3128_1547,1,B10,54
P3128,YFV2001,P3128_1548,1,B10,54
P3128,YFV2001,P3128_1549,1,B10,54
P3128,YFV2001,P3128_1550,1,B10,54
P3128,YFV2001,P3128_1551,1,B10,54
P3128,YFV2001,P3128_1552,0,B10 BULK,
P3128,YFV2001,P3128_1553,1,B10,54
P3128,YFV2001,P3128_1554,1,B10,54
P3128,YFV2001,P3128_1555,1,B10,54
P3128,YFV2001,P3128_1556,1,B10,54
P3128,YFV2001,P3128_1557,1,B10,54
P3128,YFV2001,P3128_1558,1,B10,54
P3128,YFV2001,P3128_1559,1,B10,54
P3128,YFV2001,P3128_1560,0,B10 BULK,
P3128,YFV2001,P3128_1561,1,H4,11
P3128,YFV2001,P3128_1562,1,H4,54
P3128,YFV2001,P3128_1563,1,H4,11
P3128,YFV2001,P3128_1564,1,H4,11
P3128,YFV2001,P3128_1565,1,H4,54
P3128,YFV2001,P3128_1566,1,H4,54
P3128,YFV2001,P3128_1567,1,H4,11
P3128,YFV2001,P3128_1568,5,H4 BULK,
P3128,YFV2001,P3128_1569,1,H4,54
P3128,YFV2001,P3128_1570,1,H4,11
P3128,YFV2001,P3128_1571,1,H4,11
P3128,YFV2001,P3128_1572,1,H4,11
P3128,YFV2001,P3128_1573,1,H4,
P3128,YFV2001,P3128_1574,1,H4,54
P3128,YFV2001,P3128_1575,1,H4,54
P3128,YFV2001,P3128_1576,5,H4 BULK,
P6978,YFV2001,P6978_2001,20,E6 BULK,31
P6978,YFV2001,P6978_2002,20,E6 BULK,31
P6978,YFV2001,P6978_2003,20,E6 BULK,31
P6978,YFV2001,P6978_2004,20,H5 BULK,2
P6978,YFV2001,P6978_2005,20,H5 BULK,2
P6978,YFV2001,P6978_2006,20,H5 BULK,2
P6978,YFV2001,P6978_2007,17,C3 BULK,24
P6978,YFV2001,P6978_2008,0,C3 BULK,
P6978,YFV2001,P6978_2009,0,C3 BULK,
P6978,YFV2001,P6978_2010,10,E5 BULK,32
P6978,YFV2001,P6978_2011,10,E5 BULK,32
P6978,YFV2001,P6978_2012,9,E5 BULK,32
P6978,YFV2001,P6978_2013,10,B5 BULK,
P6978,YFV2001,P6978_2014,10,B5 BULK,47
P6978,YFV2001,P6978_2015,10,B5 BULK,
P6978,YFV2001,P6978_2016,20,A12 BULK,53
P6978,YFV2001,P6978_2017,20,A12 BULK,53
P6978,YFV2001,P6978_2018,20,A12 BULK,53
P6978,YFV2001,P6978_2019,10,D5 BULK,26
P6978,YFV2001,P6978_2020,10,D5 BULK,26
P6978,YFV2001,P6978_2021,10,D5 BULK,26
P6978,YFV2001,P6978_2022,20,E2 BULK,56
P6978,YFV2001,P6978_2023,20,E2 BULK,56
P6978,YFV2001,P6978_2024,20,E2 BULK,56
P6978,YFV2001,P6978_2025,20,A10 BULK,38
P6978,YFV2001,P6978_2026,20,A10 BULK,38
P6978,YFV2001,P6978_2027,8,A10 BULK,38
P6978,YFV2001,P6978_2028,20,A6 BULK,1
P6978,YFV2001,P6978_2029,20,A6 BULK,1
P6978,YFV2001,P6978_2030,20,A6 BULK,1
P6978,YFV2001,P6978_2031,20,C9 BULK,21
P6978,YFV2001,P6978_2032,20,C9 BULK,21
P6978,YFV2001,P6978_2033,20,C9 BULK,21
P6978,YFV2001,P6978_2034,20,E12 BULK,50
P6978,YFV2001,P6978_2035,20,E12 BULK,50
P6978,YFV2001,P6978_2036,20,E12 BULK,50
P8164,YFV2001,P8164_1016,20,H4 BULK,5
P8164,YFV2001,P8164_1017,20,H4 BULK,5
P8164,YFV2001,P8164_1018,20,H4 BULK,5
P8164,YFV2001,P8164_1019,20,G8 BULK,23
P8164,YFV2001,P8164_1020,20,G8 BULK,23
P8164,YFV2001,P8164_1021,20,G8 BULK,23
P8164,YFV2001,P8164_1022,20,C8 BULK,32
P8164,YFV2001,P8164_1023,20,C8 BULK,32
P8164,YFV2001,P8164_1024,20,C8 BULK,32
P8164,YFV2001,P8164_1025,20,H5 BULK,28
P8164,YFV2001,P8164_1026,20,H5 BULK,28
P8164,YFV2001,P8164_1027,20,H5 BULK,28
P8164,YFV2001,P8164_1028,20,D3 BULK,47
P8164,YFV2001,P8164_1029,20,D3 BULK,47
P8164,YFV2001,P8164_1030,20,D3 BULK,47
P8164,YFV2001,P8164_1031,20,A4 BULK,4
P8164,YFV2001,P8164_1032,20,A4 BULK,4
P8164,YFV2001,P8164_1033,20,A4 BULK,4
P8164,YFV2001,P8164_1034,20,C11 BULK,34
P8164,YFV2001,P8164_1035,20,C11 BULK,34
P8164,YFV2001,P8164_1036,20,C11 BULK,34
P8164,YFV2001,P8164_1037,20,D7 BULK,43
P8164,YFV2001,P8164_1038,20,D7 BULK,43
P8164,YFV2001,P8164_1039,20,D7 BULK,43
P8164,YFV2003,P8164_1040,20,B11 BULK,51
P8164,YFV2003,P8164_1041,20,B11 BULK,51
P8164,YFV2003,P8164_1042,20,B11 BULK,51
P8164,YFV2003,P8164_1043,20,F7 BULK,17
P8164,YFV2003,P8164_1044,20,F7 BULK,17
P8164,YFV2003,P8164_1045,20,F7 BULK,17
P8164,YFV2003,P8164_1046,20,D7 BULK,30
P8164,YFV2003,P8164_1047,20,D7 BULK,30
P8164,YFV2003,P8164_1048,20,D7 BULK,30
P8164,YFV2003,P8164_1049,20,G5 BULK,16
P8164,YFV2003,P8164_1050,20,G5 BULK,16
P8164,YFV2003,P8164_1051,20,G5 BULK,16
P8164,YFV2003,P8164_1052,20,C12 BULK,42
P8164,YFV2003,P8164_1053,20,C12 BULK,42
P8164,YFV2003,P8164_1054,20,C12 BULK,42
P8164,YFV2003,P8164_1055,20,C6 BULK,45
P8164,YFV2003,P8164_1056,20,C6 BULK,45
P8164,YFV2003,P8164_1057,20,C6 BULK,45
P8164,YFV2003,P8164_1058,20,D1 BULK,40
P8164,YFV2003,P8164_1059,20,H10 BULK,58
P8164,YFV2001,P8164_1061,20,E6 BULK,59
P8164,YFV2003,P8164_1062,20,H10 BULK,58
P8164,YFV2001,P8164_1064,20,E6 BULK,59
P8164,YFV2001,P8164_9998,20,E6 BULK,59
P8164,YFV2003,P8164_9999,20,H10 BULK,58
P9855,YFV2003,P9855_2001,25,P1_A03,
P9855,YFV2003,P9855_2002,25,P1_A03,
P9855,YFV2003,P9855_2003,25,P1_A03,
P9855,YFV2003,P9855_2004,25,P1_A05,
P9855,YFV2003,P9855_2005,25,P1_A05,
P9855,YFV2003,P9855_2006,25,P1_A05,
P9855,YFV2003,P9855_2007,25,P1_A12,
P9855,YFV2003,P9855_2008,25,P1_A12,
P9855,YFV2003,P9855_2009,25,P1_A12,
P9855,YFV2003,P9855_2010,25,P1_D09,
P9855,YFV2003,P9855_2011,25,P1_D09,
P9855,YFV2003,P9855_2012,25,P1_D09,
P9855,YFV2003,P9855_2013,25,P1_D12,
P9855,YFV2003,P9855_2014,25,P1_D12,
P9855,YFV2003,P9855_2015,25,P1_D12,
P9855,YFV2003,P9855_2016,3,P1_E09 (3),
P9855,YFV2003,P9855_2017,0,Negative P1_E09,
P9855,YFV2003,P9855_2018,0,Negative P1_E09,
P9855,YFV2003,P9855_2019,25,P1_F10,
P9855,YFV2003,P9855_2020,25,P1_F10,
P9855,YFV2003,P9855_2021,25,P1_F10,
P9855,YFV2003,P9855_2022,25,P1_H01,
P9855,YFV2003,P9855_2023,25,P1_H01,
P9855,YFV2003,P9855_2024,25,P1_H01,
P9855,YFV2003,P9855_2025,25,P1_H10,
P9855,YFV2003,P9855_2026,25,P1_H10,
P9855,YFV2003,P9855_2027,25,P1_H10,
P9855,YFV2003,P9855_2028,25,P1_A08,
P9855,YFV2003,P9855_2029,25,P1_A08,
P9855,YFV2003,P9855_2030,25,P1_A08,
P9855,YFV2003,P9855_2031,25,P1_B10,
P9855,YFV2003,P9855_2032,25,P1_B10,
P9855,YFV2003,P9855_2033,25,P1_B10,
P9855,YFV2003,P9855_2034,25,P1_C11,
P9855,YFV2003,P9855_2035,25,P1_C11,
P9855,YFV2003,P9855_2036,25,P1_C11,
P9855,YFV2003,P9855_2037,25,P1_F02,
P9855,YFV2003,P9855_2038,25,P1_F02,
P9855,YFV2003,P9855_2039,25,P1_F02,
P9855,YFV2003,P9855_2040,25,P1_F04,
P9855,YFV2003,P9855_2041,25,P1_F04,
P9855,YFV2003,P9855_2042,25,P1_F04,
P9855,YFV2003,P9855_2043,0,Negative,
P9855,YFV2003,P9855_2044,0,Negative,
P9855,YFV2003,P9855_2045,0,Negative,
P9855,YFV2003,P9855_2046,0,Negative,
P9855,YFV2003,P9855_2047,0,Negative,
P9855,YFV2003,P9855_2048,0,Negative,
P9855,YFV2003,P9855_2049,25,P2_A04,
P9855,YFV2003,P9855_2050,25,P2_A04,
P9855,YFV2003,P9855_2051,25,P2_A04,
P9855,YFV2003,P9855_2052,25,P2_B11,
P9855,YFV2003,P9855_2053,25,P2_B11,
P9855,YFV2003,P9855_2054,25,P2_B11,
P9855,YFV2003,P9855_2055,3,P2_C03 (3),
P9855,YFV2003,P9855_2056,0,Negative,
P9855,YFV2003,P9855_2057,0,Negative,
P9855,YFV2003,P9855_2058,25,P2_D12,
P9855,YFV2003,P9855_2059,25,P2_D12,
P9855,YFV2003,P9855_2060,25,P2_D12,
P9855,YFV2003,P9855_2061,25,P2_F01,
P9855,YFV2003,P9855_2062,25,P2_F01,
P9855,YFV2003,P9855_2063,25,P2_F01,
P9855,YFV2003,P9855_2064,25,P2_G01,
P9855,YFV2003,P9855_2065,25,P2_G01,
P9855,YFV2003,P9855_2066,25,P2_G01,
P9855,YFV2003,P9855_2067,25,P2_G09,
P9855,YFV2003,P9855_2068,25,P2_G09,
P9855,YFV2003,P9855_2069,25,P2_G09,
P9855,YFV2003,P9855_2070,25,P2_H01,
P9855,YFV2003,P9855_2071,25,P2_H01,
P9855,YFV2003,P9855_2072,25,P2_H01,
P9855,YFV2003,P9855_2073,25,P2_H04,
P9855,YFV2003,P9855_2074,25,P2_H04,
P9855,YFV2003,P9855_2075,25,P2_H04,
P9855,YFV2003,P9855_2076,25,P2_H05,
P9855,YFV2003,P9855_2077,25,P2_H05,
P9855,YFV2003,P9855_2078,25,P2_H05,
P9855,YFV2003,P9855_2079,25,P2_A05,
P9855,YFV2003,P9855_2080,25,P2_A05,
P9855,YFV2003,P9855_2081,25,P2_A05,
P9855,YFV2003,P9855_2082,25,P2_C12,
P9855,YFV2003,P9855_2083,20,P2_C12 (20),
P9855,YFV2003,P9855_2084,0,Negative P2_C12,
P9855,YFV2003,P9855_2085,1000,P1_A03_ATAC_wellA1_rep1_1000,
P9855,YFV2003,P9855_2086,705,P1_A05_ATAC_wellA3_705,
P9855,YFV2003,P9855_2087,410,P1_D09_ATAC_wellA5_410,
P9855,YFV2003,P9855_2088,1000,P1_F10_ATAC_wellA8_1000,
P9855,YFV2003,P9855_2089,1000,P1_H01_ATAC_wellA9_rep1_1000,
P9855,YFV2003,P9855_2090,1000,P1_H01_ATAC_wellA10_rep2_1000,
P9855,YFV2003,P9855_2091,1000,P1_H10_ATAC_wellA11_rep1_1000,
P9855,YFV2003,P9855_2092,350,P1_A08_ATAC_wellB1_350,
P9855,YFV2003,P9855_2093,1000,P1_A03_ATAC_wellA2_rep2_1000,
P9855,YFV2003,P9855_2094,506,P1_A12_ATAC_wellA4_506,
P9855,YFV2003,P9855_2095,1000,P1_D12_ATAC_wellA6_1000,
P9855,YFV2003,P9855_2096,1000,P1_H10_ATAC_wellA12_rep2_1000,
P9855,YFV2003,P9855_2097,269,P1_B10_ATAC_wellB2_269,
P9855,YFV2003,P9855_2098,500,P1_C11_wellB3_500,
P9855,YFV2003,P9855_2099,500,P1_F02_wellB4_500,
P9855,YFV2003,P9855_2100,500,P1_F04_wellB5_500,
P9855,YFV2003,P9855_2101,1000,P2_A04_wellC1_1000_rep1,
P9855,YFV2003,P9855_2102,1000,P2_A04_wellC2_1000_rep2,
P9855,YFV2003,P9855_2103,700,P2_B11_wellC3_700,
P9855,YFV2003,P9855_2104,1000,P2_H05_wellC5_1000,
P9855,YFV2003,P9855_2105,1000,P2_F01_wellC6_1000,
P9855,YFV2003,P9855_2106,1000,P2_D12_wellC7_1000,
P9855,YFV2003,P9855_2107,1000,P2_G01_wellC8_1000,
P9855,YFV2003,P9855_2108,918,P2_G09_wellC9_918,
P9855,YFV2003,P9855_2109,1000,P2_H01_wellC10_1000,
P9855,YFV2003,P9855_2110,1000,P2_H04_wellC11_1000_rep1,
P9855,YFV2003,P9855_2111,1000,P2_H04_wellC12_1000_rep2,
P9855,YFV2003,P9855_2112,1000,P2_H05_wellD1_1000,
P9855,YFV2003,P9855_2113,1000,P2_A05_wellD2_1000,